vm,date,run,offer_id,titre,aks_url,region,edition
B,20260917,20260917-160537-auto-cjs-cdkeys-s30-p6,101044353,Hot Wheels Unleashed 2 Turbocharged XBOX One / Xbox Series X|S Access (Digital Download),https://www.allkeyshop.com/blog/buy-hot-wheels-unleashed-2-turbocharged-xbox-one-compare-prices/,﻿Xbox/PC GLOBAL (306),Standard
B,20260917,20260917-160537-auto-cjs-cdkeys-s30-p6,101044340,Hot Wheels Unleashed 2 Turbocharged Nintendo Switch Access (Digital Download),https://www.allkeyshop.com/blog/buy-hot-wheels-unleashed-2-turbocharged-nintendo-switch-compare-prices/,NINTENDO GAME CODE GLOBAL (99),Standard
A,20260918,20260918-092240-auto-cjs-cdkeys-s30-p10,101031348,The Quarry XBOX One / Xbox Series X|S Access (Digital Download),https://www.allkeyshop.com/blog/buy-the-quarry-xbox-one-compare-prices/,Xbox One Game Code (24),Standard
A,20260918,20260918-092240-auto-cjs-cdkeys-s30-p13,100735214,Dragon's Dogma 2 PS5 Access (Digital Download),https://www.allkeyshop.com/blog/buy-dragons-dogma-2-ps5-compare-prices/,PS5 (88ps5h),Standard
A,20260918,20260918-092240-auto-cjs-cdkeys-s30-p3,101105148,Star Wars: Jedi Fallen Order PS4/PS5 Access (Digital Download),https://www.allkeyshop.com/blog/buy-star-wars-jedi-fallen-order-ps4-compare-prices/,Playstation Game Code GLOBAL (88),Standard
B,20260922,20260922-152601-auto-cjs-cdkeys-s30-p1,101128179,Resonance: A Plague Tale Legacy PS5 Access (Digital Download),https://www.allkeyshop.com/blog/buy-resonance-a-plague-tale-legacy-ps5-compare-prices/,PS5 (88ps5h),Standard
B,20260922,20260922-152601-auto-cjs-cdkeys-s30-p1,101127956,Onimusha: Way of the Sword PS5 Access (Digital Download),https://www.allkeyshop.com/blog/buy-onimusha-way-of-the-sword-ps5-compare-prices/,PS5 (88ps5h),Standard
B,20260922,20260922-152601-auto-cjs-cdkeys-s30-p1,101127841,Shining Resonance Refrain Nintendo Switch Access (Digital Download),https://www.allkeyshop.com/blog/buy-shining-resonance-refrain-nintendo-switch-compare-prices/,NINTENDO GAME CODE GLOBAL (99),Standard
A,20260924,20260924-102905-auto-cjs-cdkeys-s30-p34,101139726,The Dark Pictures Anthology: Little Hope PS4/PS5 Access (Digital Download),https://www.allkeyshop.com/blog/buy-the-dark-pictures-anthology-little-hope-ps4-compare-prices/,Playstation Game Code GLOBAL (88),Standard
B,20260925,20260925-194851-auto-cjs-cdkeys-s30-p20,101142147,Atlas Fallen Xbox Series X|S Access (Digital Download),https://www.allkeyshop.com/blog/buy-atlas-fallen-xbox-series-compare-prices/,Xbox Series (300),Standard
B,20260925,20260925-194851-auto-cjs-cdkeys-s30-p20,101142140,Atlas Fallen PS5 Access (Digital Download),https://www.allkeyshop.com/blog/buy-atlas-fallen-ps5-compare-prices/,PS5 (88ps5h),Standard
B,20260925,20260925-194851-auto-cjs-cdkeys-s30-p26,101141030,Darkest Dungeon II Nintendo Switch Access (Digital Download),https://www.allkeyshop.com/blog/buy-darkest-dungeon-2-nintendo-switch-compare-prices/,NINTENDO GAME CODE GLOBAL (99),Standard
B,20260925,20260925-194851-auto-cjs-cdkeys-s30-p51,100385575,PAYDAY 3 PS5 Access (Digital Download),https://www.allkeyshop.com/blog/buy-payday-3-ps5-compare-prices/,PS5 (88ps5h),Standard
B,20260925,20260925-194851-auto-cjs-cdkeys-s30-p52,100385509,Nioh 3 PS5 Access (Digital Download),https://www.allkeyshop.com/blog/buy-nioh-3-ps5-compare-prices/,PS5 (88ps5h),Standard
B,20260926,20260926-221601-auto-cjs-cdkeys-s30-p1,101153367,Phoenix Wright: Ace Attorney Trilogy Nintendo Switch Access (Digital Download),https://www.allkeyshop.com/blog/buy-phoenix-wright-ace-attorney-trilogy-nintendo-switch-compare-prices/,NINTENDO GAME CODE GLOBAL (99),Standard
B,20260926,20260926-221601-auto-cjs-cdkeys-s30-p1,101153301,Apollo Justice: Ace Attorney Trilogy Nintendo Switch Access (Digital Download),https://www.allkeyshop.com/blog/buy-apollo-justice-ace-attorney-trilogy-nintendo-switch-compare-prices/,NINTENDO GAME CODE GLOBAL (99),Standard
B,20260926,20260926-221601-auto-cjs-cdkeys-s30-p14,101143170,Disney Epic Mickey: Rebrushed XBOX One / Xbox Series X|S Access (Digital Download),https://www.allkeyshop.com/blog/buy-disney-epic-mickey-rebrushed-xbox-one-compare-prices/,Xbox One Game Code (24),Standard
B,20260926,20260926-221601-auto-cjs-cdkeys-s30-p15,101143167,Disney Epic Mickey: Rebrushed PS4/PS5 Access (Digital Download),https://www.allkeyshop.com/blog/buy-disney-epic-mickey-rebrushed-ps4-compare-prices/,Playstation Game Code GLOBAL (88),Standard
B,20260926,20260926-221601-auto-cjs-cdkeys-s30-p15,101143166,Disney Epic Mickey: Rebrushed Nintendo Switch Access (Digital Download): USA,https://www.allkeyshop.com/blog/buy-disney-epic-mickey-rebrushed-nintendo-switch-compare-prices/,Nintendo GAME CODE US (99us),Standard
B,20260926,20260926-221601-auto-cjs-cdkeys-s30-p15,101143165,Disney Epic Mickey: Rebrushed Nintendo Switch Access (Digital Download): Global,https://www.allkeyshop.com/blog/buy-disney-epic-mickey-rebrushed-nintendo-switch-compare-prices/,NINTENDO GAME CODE GLOBAL (99),Standard
B,20260926,20260926-221601-auto-cjs-cdkeys-s30-p19,101142670,The Sinking City 2 Xbox Series X|S Access (Digital Download),https://www.allkeyshop.com/blog/buy-the-sinking-city-2-xbox-series-compare-prices/,Xbox Series (300),Standard
B,20260926,20260926-221601-auto-cjs-cdkeys-s30-p19,101142667,The Sinking City 2 PS5 Access (Digital Download),https://www.allkeyshop.com/blog/buy-the-sinking-city-2-ps5-compare-prices/,PS5 (88ps5h),Standard
B,20260926,20260926-221601-auto-cjs-cdkeys-s30-p19,101142582,Scribblenauts Mega Pack Nintendo Switch Access (Digital Download),https://www.allkeyshop.com/blog/buy-scribblenauts-mega-pack-nintendo-switch-compare-prices/,NINTENDO GAME CODE GLOBAL (99),Standard
B,20260926,20260926-221601-auto-cjs-cdkeys-s30-p2,101153123,Ace Attorney Investigations Collection Nintendo Switch Access (Digital Download),https://www.allkeyshop.com/blog/buy-ace-attorney-investigations-collection-nintendo-switch-compare-prices/,NINTENDO GAME CODE GLOBAL (99),Standard
B,20260926,20260926-221601-auto-cjs-cdkeys-s30-p20,101142535,Octopath Traveler II Nintendo Switch Access (Digital Download),https://www.allkeyshop.com/blog/buy-octopath-traveler-2-nintendo-switch-compare-prices/,NINTENDO GAME CODE GLOBAL (99),Standard
B,20260926,20260926-221601-auto-cjs-cdkeys-s30-p20,101142519,Octopath Traveler 0 Nintendo Switch Access (Digital Download),https://www.allkeyshop.com/blog/buy-octopath-traveler-0-nintendo-switch-compare-prices/,NINTENDO GAME CODE GLOBAL (99),Standard
B,20260926,20260926-221601-auto-cjs-cdkeys-s30-p20,101142517,MotoGP 24 XBOX One / Xbox Series X|S Access (Digital Download),https://www.allkeyshop.com/blog/buy-motogp-24-xbox-one-compare-prices/,﻿Xbox/PC GLOBAL (306),Standard
B,20260926,20260926-221601-auto-cjs-cdkeys-s30-p20,101142514,MotoGP 24 PS4/PS5 Access (Digital Download),https://www.allkeyshop.com/blog/buy-motogp-24-ps4-compare-prices/,Playstation Game Code GLOBAL (88),Standard
B,20260926,20260926-221601-auto-cjs-cdkeys-s30-p21,101142399,Like a Dragon: Pirate Yakuza in Hawaii XBOX One / Xbox Series X|S Access (Digital Download,https://www.allkeyshop.com/blog/buy-like-a-dragon-pirate-yakuza-in-hawaii-xbox-one-compare-prices/,﻿Xbox/PC GLOBAL (306),Standard
B,20260926,20260926-221601-auto-cjs-cdkeys-s30-p21,101142395,Like a Dragon: Pirate Yakuza in Hawaii PS4/PS5 Access (Digital Download),https://www.allkeyshop.com/blog/buy-like-a-dragon-pirate-yakuza-in-hawaii-ps4-compare-prices/,Playstation Game Code GLOBAL (88),Standard
B,20260926,20260926-221601-auto-cjs-cdkeys-s30-p31,101139071,GUNDAM BREAKER 4 Nintendo Switch Access (Digital Download),https://www.allkeyshop.com/blog/buy-gundam-breaker-4-nintendo-switch-compare-prices/,NINTENDO GAME CODE GLOBAL (99),Standard
B,20260926,20260926-221601-auto-cjs-cdkeys-s30-p8,101143969,Mortal Shell II Xbox Series X|S Access (Digital Download),https://www.allkeyshop.com/blog/buy-mortal-shell-2-xbox-series-compare-prices/,Xbox Series (300),Standard
B,20260929,20260929-081658-auto-cjs-cdkeys-s30-p15,101139732,The Dark Pictures Anthology: Little Hope XBOX One / Xbox Series X|S Access (Digital Downlo,https://www.allkeyshop.com/blog/buy-the-dark-pictures-anthology-little-hope-xbox-one-compare-prices/,Xbox One Game Code (24),Standard
B,20260929,20260929-081658-auto-cjs-cdkeys-s30-p19,101105153,Star Wars: Jedi Fallen Order XBOX One / XBOX Series X|S Access (Digital Download),https://www.allkeyshop.com/blog/buy-star-wars-jedi-fallen-order-xbox-one-compare-prices/,Xbox One Game Code (24),Standard
B,20260929,20260929-081658-auto-cjs-cdkeys-s30-p23,101031335,EA SPORTS Madden NFL 27 Xbox Series X|S Access (Digital Download),https://www.allkeyshop.com/blog/buy-ea-sports-madden-nfl-27-xbox-series-key-compare-prices/,Xbox Series (300),Standard
B,20260929,20260929-081658-auto-cjs-cdkeys-s30-p28,100714720,UFC 6 Xbox Series X|S Access (Digital Download),https://www.allkeyshop.com/blog/buy-ufc-6-xbox-series-key-compare-prices/,Xbox Series (300),Standard
B,20260930,20260930-193353-auto-cjs-cdkeys-s30-p2,101157519,Evil Dead: The Game XBOX One / Xbox Series X|S Access (Digital Download),https://www.allkeyshop.com/blog/buy-evil-dead-the-game-xbox-one-compare-prices/,Xbox One Game Code (24),Standard
B,20260930,20260930-193353-auto-cjs-cdkeys-s30-p2,101157345,Spyro Reignited Trilogy Nintendo Switch Access (Digital Download),https://www.allkeyshop.com/blog/buy-spyro-reignited-trilogy-nintendo-switch-compare-prices/,NINTENDO GAME CODE GLOBAL (99),Standard
B,20260930,20260930-193353-auto-pass14-cjs-cdkeys-s30-p11,101162905,Assassin's Creed Mirage XBOX One / Xbox Series X|S Access (Digital Download),https://www.allkeyshop.com/blog/buy-assassins-creed-mirage-xbox-one-compare-prices/,﻿Xbox/PC GLOBAL (306),Standard
B,20260930,20260930-193353-auto-pass14-cjs-cdkeys-s30-p2,101164245,Slay the Spire Nintendo Switch Access (Digital Download),https://www.allkeyshop.com/blog/buy-slay-the-spire-nintendo-switch-compare-prices/,NINTENDO GAME CODE GLOBAL (99),Standard
B,20260930,20260930-193353-auto-pass14-cjs-cdkeys-s30-p2,101164227,Persona 5 Royal PS4/PS5 Access (Digital Download),https://www.allkeyshop.com/blog/buy-persona-5-royal-ps4-compare-prices/,Playstation Game Code GLOBAL (88),Standard
B,20260930,20260930-193353-auto-pass14-cjs-cdkeys-s30-p6,101163434,Big Brain Academy: Brain vs Brain Nintendo Switch Access (Digital Download),https://www.allkeyshop.com/blog/buy-big-brain-academy-brain-vs-brain-nintendo-switch-compare-prices/,NINTENDO GAME CODE GLOBAL (99),Standard
B,20260930,20260930-193353-auto-pass14-cjs-cdkeys-s30-p6,101163387,Ben 10 Nintendo Switch Access (Digital Download),https://www.allkeyshop.com/blog/buy-ben-10-nintendo-switch-compare-prices/,NINTENDO GAME CODE GLOBAL (99),Standard
B,20260930,20260930-193353-auto-pass14-cjs-cdkeys-s30-p8,101163153,Avatar: Frontiers of Pandora Xbox Series X|S Access (Digital Download),https://www.allkeyshop.com/blog/buy-avatar-frontiers-of-pandora-xbox-series-compare-prices/,Xbox Series (300),Standard
B,20260930,20260930-193353-auto-pass14-cjs-cdkeys-s30-p8,101163150,Avatar: Frontiers of Pandora PS5 Access (Digital Download),https://www.allkeyshop.com/blog/buy-avatar-frontiers-of-pandora-ps5-compare-prices/,PS5 (88ps5h),Standard
B,20260930,20260930-193353-auto-pass14-cjs-cdkeys-s30-p9,101163119,Attack on Titan 2 Nintendo Switch Access (Digital Download),https://www.allkeyshop.com/blog/buy-attack-on-titan-2-nintendo-switch-compare-prices/,NINTENDO GAME CODE GLOBAL (99),Standard
B,20260930,20260930-193353-auto-pass14-cjs-cdkeys-s30-p9,101163113,Atomic Heart XBOX One / Xbox Series X|S Access (Digital Download),https://www.allkeyshop.com/blog/buy-atomic-heart-xbox-one-compare-prices/,﻿Xbox/PC GLOBAL (306),Standard
B,20260930,20260930-193353-auto-pass14-cjs-cdkeys-s30-p9,101163109,Atomic Heart PS4/PS5 Access (Digital Download),https://www.allkeyshop.com/blog/buy-atomic-heart-ps4-compare-prices/,Playstation Game Code GLOBAL (88),Standard
B,20260930,20260930-193353-auto-pass4-cjs-cdkeys-s30-p10,101160132,One Piece Unlimited World Red Deluxe Edition Nintendo Switch Access (Digital Download),https://www.allkeyshop.com/blog/buy-one-piece-unlimited-world-red-nintendo-switch-compare-prices/,NINTENDO GAME CODE GLOBAL (99),Deluxe
B,20260930,20260930-193353-auto-pass4-cjs-cdkeys-s30-p15,101159456,Assassin's Creed III Remastered XBOX One / Xbox Series X|S Access (Digital Download),https://www.allkeyshop.com/blog/buy-assassins-creed-3-remastered-xbox-one-compare-prices/,Xbox One Game Code (24),Standard
B,20260930,20260930-193353-auto-pass4-cjs-cdkeys-s30-p6,101160496,Tennis World Tour 2 XBOX One / Xbox Series X|S Access (Digital Download),https://www.allkeyshop.com/blog/buy-tennis-world-tour-2-xbox-one-compare-prices/,Xbox One Game Code (24),Standard
B,20260930,20260930-193353-auto-pass4-cjs-cdkeys-s30-p6,101160491,Tennis World Tour 2 PS4/PS5 Access (Digital Download),https://www.allkeyshop.com/blog/buy-tennis-world-tour-2-ps4-compare-prices/,Playstation Game Code GLOBAL (88),Standard
